feature_1,feature_2,label
0.6342167527643772,1.7804968374921493,0
0.6583469356606257,-0.01812205577782156,0
-0.1918396450978653,-1.597586375738235,0
0.6555132302367929,0.04346004143332325,0
-0.26464364029664456,-0.6821913736088769,0
-0.1527704341833779,1.0958385707696423,0
-1.230023049653651,0.860684810918401,0
-1.3361770878813157,0.7756650274024511,0
-0.8237022308365712,1.085193337188922,0
-0.3749705650200223,-1.5867683275937956,0
-1.0856923578064857,0.9735804508328502,0
0.6757089905293353,-1.4157970589609008,0
0.6781713338692553,0.08342588758945592,0
0.6290727371487965,0.36272082675648437,0
1.5033379279252301,-0.5171105971362894,0
-1.1469907174542555,0.9605167899162452,0
0.32165702523971884,-0.5333697865220255,0
-0.25311796360787725,2.002496415044056,0
0.3167425808030371,-0.5593417085317832,0
-1.0804555495405987,-1.31316911453369,0
-0.31497761965874316,1.1200919370612512,0
-0.2098597097452731,1.1191434294462748,0
0.5656801986293826,0.534879377747523,0
1.1487523624774978,1.348931246854527,0
0.2710647848690789,-0.5855276967883617,0
-1.6757131567271897,-0.5475555687750743,0
-1.1706642890701389,-1.2529799879259085,0
-1.058849119399339,-1.3125247784111385,0
0.9437746559909208,1.5164905468822742,0
-0.22085618708749988,-0.7138403669750183,0
0.5691056498400672,0.50798645535647,0
-1.5545535412256681,0.454105614117995,0
-0.22974455943392513,1.0987373005788168,0
-1.5774859868850122,0.45484006856563003,0
-0.43509051921560304,-1.5548935524800187,0
-1.6033954446877066,-0.6585616401963528,0
0.540584556117039,0.5674398283752048,0
-0.05694243858058224,-0.6965798786294896,0
1.1371716419966604,1.3362309601915763,0
0.13528497447464147,-1.569562968705797,0
-1.1945451491299288,0.8753673187252194,0
0.5384895056131466,-0.28573299853307166,1
0.6663130270500525,0.2945648950447495,0
1.5435791312288696,0.6056060899101626,0
0.7047767361612024,-1.3701068841645172,0
-1.6882540389136231,0.11336526336561333,0
-1.7227821524471678,-0.20058496813814108,0
-0.6779166142993005,1.0986813107716273,0
0.24579711224408407,0.9243855629557671,0
-1.4503664033217971,-0.9591130391033352,0
0.715762973477499,-1.361759353648076,0
0.6598600793336241,-0.0553237790731924,0
-0.910724852246045,1.0247335184101167,0
-0.3326866245527063,-1.5790927942970916,0
0.04069330710729525,-1.5815242807823089,0
-0.5503277958067205,-1.542895537369434,0
1.3801696714946303,-0.7284080852715514,0
1.259451728581197,1.2104770162815668,0
0.5695329953497505,0.476985947340977,0
-0.7462713220239409,1.0944869232566947,0
-0.9385680681549227,1.0272278535874546,0
0.40984265941131304,1.8389347529344433,0
0.6755419355364838,0.08456867151575452,0
-1.6772894449924232,0.20993984033203678,0
0.6158016387597549,0.4077674199455847,0
-1.27463276294072,-1.1763765236295023,0
0.5731017021919831,-0.2648315746723481,1
-1.7577536522511705,0.000653336719337037,0
-1.429394190115005,-0.9803055438080158,0
-0.9588071203148005,1.0103476912040337,0
-0.3438716493140809,-1.5762674299420236,0
1.2435876899456433,-0.9017596100326237,0
-1.6707635148684095,-0.5475236493957353,0
0.6197734567612688,-0.09710120030210329,1
1.206344868400134,1.2480830331482942,0
-0.10858512488357944,-0.6785114599316245,0
0.9800269127993173,-1.1719269835682529,0
-0.036035184698087065,-0.663435756627686,0
-0.40617463202130444,1.1106766519061635,0
-0.9430120779675661,-1.3976935038771898,0
0.5562455683120161,-0.31090844725888583,1
-1.2849624091313403,0.799289319527966,0
-1.3739707083916541,0.7514217174406467,0
1.1863871189022548,1.265916320781362,0
0.4956565922494039,0.646659668845616,0
1.3241811229235423,-0.7629519869788602,0
-0.530429734437551,1.122773524925922,0
0.5829274288329838,-1.4471416045934677,0
1.5993879861259543,-0.12470149759561898,0
-1.250042926963642,-1.179749079303178,0
-1.665420019194296,-0.5528615405182414,0
-0.9959322122867447,-1.3684120109902187,0
0.4652721066729611,-1.4825847207988678,0
0.34430047334239733,-1.5451377942470217,0
0.2686560097753296,0.8720438581032036,0
-0.805904179224699,-1.4750192699591094,0
1.5182161068574562,0.775950075925835,0
-0.9097131075081922,1.0419257942729538,0
0.4956545414506237,0.6385299235479179,0
0.16983966204711587,-0.6433525586766631,0
-1.683023301610525,0.12708316027676914,0
1.6151421561211197,0.10750517478758981,0
0.18837738155274555,0.9543089917796459,0
-1.492538730052128,0.5866548797729335,0
1.3986416925770666,-0.6993713699543379,0
1.5729065898859924,-0.2566030277674538,0
1.5554285462738602,-0.2933372406680527,0
0.010326421248228832,-0.6697759668718501,0
1.5313138959241528,-0.34500737226262257,0
1.1453560358979937,1.318139184631809,0
-0.9236900112375295,1.06100883755178,0
-0.11441499672949851,-0.7172671656731429,0
0.543064169780257,0.5692512408601254,0
0.000847026929541254,-1.593497008343596,0
1.5858649826541737,0.4705761953672133,0
0.6506980572835981,0.1539186260426021,0
1.2926852688639232,1.1124234707695644,0
0.4387431185566419,-0.448709702996154,1
1.5906710812898017,0.44168835309282345,0
1.062797924419612,1.407046147416275,0
-0.18407109535588387,-0.6826910160304892,0
0.37477579439738784,1.8742366271069308,0
0.42459965772373304,1.8550633593804355,0
1.551710664297619,-0.20659472870163587,0
0.595730195320228,-0.23169798416589338,1
0.1885856930914629,-1.581279889503044,0
0.5100486641768535,0.6040779163870423,0
-1.0971157828753308,-1.305258742026426,0
1.5828932388289643,0.5513974918063429,0
0.8756552248570678,1.559832294221405,0
0.5129323451744251,0.6181862526720748,0
0.9087577210576153,-1.2356224415070463,0
-0.386704784598566,1.135413424657092,0
-0.032992759113160394,-0.6903484419911297,0
0.7055664709708606,-1.355595606595965,0
-1.0655531226217934,0.9848492279318771,0
-1.7378780641080316,-0.14070055610142992,0
0.6245419589767214,0.4728949263014423,0
-0.7318066182455556,1.1014088597855256,0
0.5568721143220098,0.5414970515068473,0
-0.31205752240541373,1.107676622249882,0
-0.4734820347273714,1.1414485994919639,0
0.7049411410925416,0.06653443080046309,0
-0.8066127373530747,-1.4734153082896864,0
-1.376148856036657,0.6918654303342716,0
0.636022892566542,0.38623413664519657,0
0.6807797347408111,0.09679341306797738,0
0.5647765193139994,-0.23404901707510964,1
0.8798277132104307,-1.2768915191544785,0
1.3674735648728258,1.0211814066068419,0
-1.0301346493938393,-1.3742867100846283,0
0.4274499398537837,0.7585759075236954,0
0.20557794927673453,-0.6059067431908631,0
0.6694584764770924,0.15496683455509594,0
1.0338223885796114,-1.150596451730535,0
-0.034721329525521566,1.0876541845264152,0
0.259291397117584,-0.5934877145317698,0
-1.6368310965297108,0.3463826991476702,0
1.009547010684291,1.5218239419393902,0
0.17215799495749085,-0.6416322491124872,0
0.4776307291055618,0.6817948306468151,0
0.36594623633809015,-0.4791052305955053,1
0.5556682426575419,-0.28654261153083554,1
0.7299462993203042,1.6617847677834565,0
-0.1558336091001886,-0.7236229709074958,0
-1.7234741071673638,-0.2923223746628475,0
0.8717865171702927,1.60367006221826,0
-0.4382678482839465,1.1251617054624323,0
1.611669534659666,0.11807681834464154,0
1.4914801186594835,0.7477423680864141,0
0.6322135773930309,0.20573585891827648,0
0.5525790978306091,0.5564419904726194,0
1.2928019917458553,1.1568770201775722,0
-1.2182182555124446,-1.2175873717180425,0
1.372088947641763,0.9399317113021958,0
0.14198029400918397,-1.5850847258243685,0
1.5831085580006552,-0.06139063473947978,0
-0.2490264949856186,-0.6850812164696847,0
-0.11984037046220058,2.012426059763287,0
1.2737850963596495,-0.8803282289179117,0
-0.3254713451070988,-1.5879453623605084,0
-0.47488723798396754,1.123791529973257,0
1.4412606449635672,-0.6341558194204421,0
0.38056539942592416,-0.5016213336432626,0
-0.11008880744868353,-0.7205574437244627,0
1.607305195722962,0.42932134605518885,0
-1.0230116166603467,1.0090746050975123,0
0.16374636939238968,-1.5794508500661109,0
-0.590578977598447,1.1368351511453023,0
0.8807190359049447,-1.2764925170642103,0
-0.7507680887661565,-1.4656530209463507,0
-1.586222722454374,0.4887589515466467,0
-1.689614324249507,0.17903210859326502,0
0.6209144264466211,0.41973692427836057,0
-0.02512002100716819,-1.5999786907061553,0
-0.13021427493872326,-0.696954359250611,0
-1.6023730748028655,-0.7615653740312572,0
0.26944908028322867,-0.6033150175186641,0
0.4250920520128243,0.7593548556214731,0
-1.6740383878859864,0.2187523322960715,0
0.14848699821381464,1.9590436682600882,0
-1.767076511257387,-0.09093192588505085,0
1.3513046821235561,1.0428557160518657,0
-1.6752196050206556,-0.5181516922985561,0
-0.3215781074671667,1.1192100105202072,0
1.5788400936855904,0.22837652928723765,0
-0.05755365106633682,1.0575248643105668,0
1.5133839096570112,0.706845980140507,0
0.6431574978807113,0.3332578533136118,0
0.4110187653547469,1.8602309130569923,0
0.9121065188169286,1.54161958108407,0
-0.03739625900897161,1.975352219599721,0
0.6822574984238523,0.28797980099943776,0
1.2813913939761645,1.1295524493232885,0
0.052054027578910034,-0.6591147524207827,0
0.6728806826400189,0.03684435242891392,0
-1.6821309439187495,0.008021391213429955,0
0.6579617031193028,0.11992912290686833,0
1.5475371850191586,-0.2706206040168358,0
-0.8806049840167844,1.0547791933262416,0
-1.3044300099562578,-1.1534911729436743,0
-1.7580087579725527,-0.1294633217017664,0
0.7632540881518513,1.6349229397575782,0
-1.0424488656291657,-1.353932268025111,0
1.6171248540419776,0.181894154682863,0
-0.18017125081184118,1.9985088136615143,0
0.4925839900695209,0.6559019469175639,0
0.025259651325704496,1.9937782229302992,0
-1.258144929875656,-1.1495672014378395,0
-1.1998063781112867,-1.219874971647036,0
1.1806472896577718,1.315134251455189,0
0.6818964053451638,0.11235267738334356,0
0.5933415003265842,0.4540350373929948,0
1.4131933719749024,0.9403459208373732,0
-0.4913884102764433,-1.5621407368551516,0
-0.7117558384180592,1.1033253112637023,0
0.6385947681623582,-0.13970124483624416,0
-0.8923160303702599,-1.4387357979730857,0
0.12445145388116999,0.9879245466920014,0
-1.149897733116192,-1.2826902226296535,0
0.6465192382653463,0.345467771797274,0
-0.02392949088120314,-0.6817315728604769,0
-0.20078210085482684,-0.6753883818457956,0
0.5307264491484693,-0.26812092812921334,1
1.5939349987351061,0.47101239621982577,0
-1.5353011112051844,0.5553031718671706,0
1.2253993676407433,-0.9721398731344965,0
1.2753511980821,-0.934545542432332,0
0.10781047938907051,0.9763114621063679,0
-1.4589655765599987,0.6108690990717831,0
-1.5872161632808022,0.4114516320800297,0
-0.5246009855852845,1.1354421963794878,0
0.6177397683297311,-1.4109369886908505,0
-1.0757607894506696,-1.2998518911399362,0
-1.6345552770491092,0.3000046073972794,0
0.4954452238842292,0.6854893352116057,0
-0.7764305227712345,1.0758032396465629,0
0.5143610022992259,0.643735935549963,0
-1.0386152418911248,-1.3446504980948355,0
-1.6457612236855566,0.2828565038949619,0
0.5253481970711688,0.6278189450303553,0
-0.9826248803772744,-1.3600415409619686,0
-0.44092573614580516,-1.5810559786736977,0
0.4181181239405246,1.8462206430742687,0
-1.6306217718475418,0.34018584137261865,0
-1.4992139270811637,0.5800831310697948,0
-1.2063803813803442,-1.2294861808367512,0
-0.21773421683415436,1.9964076928789858,0
1.4081164693037491,0.8946224530634201,0
-0.8435480228922577,1.074309094226879,0
-0.5245794463349858,1.1041434380142698,0
0.604783332446895,-0.15776025273904812,1
-0.5285854083270835,1.1347134813997826,0
0.6493751228854825,0.1493827572678604,0
1.514344130536151,0.7487072019656719,0
1.4559140322559097,-0.5525973198299685,0
0.243918600824248,-0.6004619638886382,0
0.5975583689378954,0.4211158261957541,0
0.555339067303615,-0.3083354884427635,1
-1.681656901556228,0.32291466521188705,0
0.6576447444638555,0.2733482947647734,0
-0.4890641733890639,-1.5709642613562675,0
-0.21515104783656155,1.0855594690404897,0
-0.5611983006436819,-1.5456077283723881,0
-1.4777954325529705,-0.9492462540113649,0
-1.5281729624505156,0.5370388008587059,0
1.3054516525830977,-0.8728237701308345,0
-1.6331875147560688,-0.7272281651845504,0
0.5962159450471828,-0.20153391422078318,1
1.560969502273825,0.5168390197287251,0
-0.03775883252694822,-0.7019916649382699,0
-0.02810891847381876,1.9694824186491928,0
0.2911147103986259,-0.5742360267655858,0
1.5928427308338255,0.3194617694796059,0
0.6603321762008428,0.055722438246218225,0
-1.0716007910910768,-1.3156466850320632,0
-1.6456632038927255,-0.6195967064018594,0
-1.6901556438638528,0.08443093823895735,0
-1.6741273253971343,-0.5395709738979947,0
1.47697897023401,0.8161282636057127,0
0.658286487356387,0.05959384907647942,0
0.6642206208284805,1.752485077123031,0
1.6109815487765775,0.2811171090678294,0
-1.4657088866940187,0.6888945455957631,0
-0.2565297534320781,1.1111795732271204,0
0.2706989709403284,0.9019779553878019,0
-1.3595639631570238,0.7604133036826111,0
1.5844724745585406,0.4649207282368803,0
-1.2528559435463367,0.8389311692324034,0
0.39429422763059363,-1.511570283622168,0
-0.09645613427503623,1.0740075694597875,0
0.6159822384155081,0.39134504151727917,0
-1.1616753387443393,0.9085437242803485,0
0.6568947388933338,0.09224123572679142,0
0.9492006837942012,1.5519313035792883,0
1.4966953956178435,-0.43084200578294424,0
-1.7302122921406777,-0.4059901939509484,0
0.3476050720947164,-1.5099288272624842,0
1.5418142498235825,-0.29696572481018046,0
1.5715384415815625,0.4837921332259777,0
0.6601514483562332,0.05923909920062705,0
1.044149016494696,-1.1052861258172668,0
0.8193329446676136,1.6117114913567943,0
1.324876211431338,1.123121000022084,0
0.1709433586870592,-0.6226367235614371,0
-0.0879026581644169,1.0702011315019087,0
0.32422842039896105,-0.5408733717193381,0
-0.5519997404113463,1.1127470986630297,0
-0.5519095318107041,1.1484845283756902,0
-1.6099834355366265,-0.6973298883362429,0
-0.20140472925860933,1.1014581853539454,0
0.4220937860946663,0.740686093071229,0
-0.9707219467240893,-1.395805453489605,0
-0.07054430029626672,1.0786793265396364,0
0.6309016090147959,0.34433611231535755,0
0.34786287812908845,0.8242194613963084,0
1.1709232382489776,-0.9524233351459431,0
0.2786375297029796,-0.5567057024670296,0
-0.7743709312657899,-1.4701645877095972,0
-0.3086356300663141,-1.5761142046745007,0
-0.986096495978961,-1.3783747256070094,0
0.6274066983737054,0.39988900347748485,0
-0.24746678066319286,-0.6825979067323297,0
0.38950569280937947,-1.4910623377165817,0
0.08693953738547883,-0.6448119684059936,0
0.298088022503873,0.8728883591011805,0
0.5435717174136974,-0.3156140379642115,1
1.3709411964816303,-0.7462295273222664,0
0.47915190935568674,-1.4732863998408923,0
1.2401775598601215,1.2268253852279272,0
1.5329821484260964,0.6070253883355516,0
0.03748348433199244,-1.6047363225181737,0
0.32130167530014314,1.883793065986513,0
-0.11873173862364793,1.0754395938392942,0
0.5716089137664144,-0.2840309297675738,1
-0.6964140796940371,-1.4818011872752244,0
1.31212670354048,-0.8194706225848457,0
1.5898858369138882,-0.1278308255357209,0
0.12729726739538766,1.002665895900399,0
0.2663611219285214,0.8760903216188649,0
-0.04774756876958956,-0.697632909111865,0
0.10443821004413609,-0.6597945888152298,0
-0.3112134490327144,-1.6009227633241583,0
-0.065283500940518,1.0572581024510226,0
1.4597170355058635,-0.5890923630145352,0
-1.0131425643161565,0.9669293319553759,0
0.9997845325728234,1.4927783567563297,0
1.2580331052900124,1.1903735495711034,0
-1.2415685284372007,0.8455783096377473,0
-0.9952250216885126,1.0025001863421243,0
-0.04032531210613464,-0.6728330406407602,0
0.5102300310085637,0.6064926079749723,0
-1.221074014118257,-1.2024388016552445,0
0.28192030043389504,1.8875872830800355,0
0.10158873091365017,1.9446720369988173,0
-1.7406446374891766,0.049598673359197425,0
-1.4970934565865424,-0.8912775410427141,0
-0.023411113633169788,-1.614968060163093,0
-0.9653818038259595,-1.3934109499075582,0
0.7404024965825101,-1.3453483789601757,0
0.5385787670080081,-1.4467686683144922,0
-0.22329185225806727,1.0946392127449571,0
0.4193997958416481,-1.509686153756405,0
-0.6142552849757421,1.1203099419821205,0
-0.6670274505911672,-1.5088945772000715,0
0.0026871946922566396,-0.6743581603579714,0
-0.3908301235587156,1.1281092140754516,0
-1.6522577657946402,-0.5335714601938577,0
1.2207909760410127,1.2634853781364426,0
-1.6052945018047298,0.38120733210508967,0
-1.0383395331655887,0.9739270183724432,0
-0.6437505125719931,-1.5436055149236303,0
-0.8305692128145579,-1.4535742711839081,0
-1.4995439290111487,-0.8731337407597707,0
1.6017334814761728,0.3691891191768376,0
0.7413282536781096,-1.3732961550564695,0
-1.1077580539306295,0.9367609539081362,0
0.7296129448141829,-1.351139481654444,0
-0.49008090345434285,1.1236191140737035,0
1.246741411211597,-0.8556489237396784,0
1.5419738114671593,0.5561609833076587,0
-0.2841493043571669,2.0117185518547958,0
0.4791913817150311,-0.3861284664381692,1
0.56530190925229,1.7793943286288854,0
0.3494084803541241,-0.5056748026685215,1
0.31571702401876245,0.8330187504447305,0
-0.8550067330773407,1.0779834452392683,0
0.6941578900540565,-1.4069382408045663,0
0.3135152432113658,-0.5479443268901653,0
0.5895775472697464,-0.2703509520468376,0
-0.26176971994434933,-0.695187056426981,0
1.593837846262324,-0.06568859757676089,0
1.5077897471385644,0.6405586119702367,0
-1.550815191837689,-0.765145991020512,0
0.9508173406446367,-1.2293908450400473,0
1.3358394068381618,1.0454315322046044,0
1.6305199419699874,0.1720867990335955,0
1.5546531412604616,-0.173077583295528,0
-1.2921086831348276,-1.1413911656406903,0
0.47222331054614247,-0.40788627303427266,1
0.6869240690442647,0.1840460620507299,0
-1.5211223517325834,0.5526798580727939,0
-1.4368593406078836,-0.9738300282288531,0
-0.28740331594792307,-1.606884340511439,0
0.2110076261859958,1.936260609964119,0
-0.23060987093541935,-0.6894557556289134,0
0.6295956066178952,0.3834910668176607,0
0.5828196742683,-1.43952467567292,0
0.5989368057207292,-0.2007490053120076,1
1.3675230764262918,-0.7343366770399326,0
-0.23228204636055844,-0.7013934660078273,0
1.5310248408566556,0.6629014217805123,0
-1.6998253023869623,0.045380245440738674,0
-0.987009826236573,1.0150724024677016,0
0.8667589501790324,-1.2890524161030545,0
0.5078126856479687,-0.3506136780271278,1
0.5919097419423456,0.45870476549063127,0
0.38283624962463053,-0.516585839529562,0
-0.282895016816477,-1.574301625981653,0
-1.1380627627629285,-1.2792407064305944,0
1.578560520205496,0.5234494434068733,0
0.49511294727026645,0.6276117083930778,0
0.9442324454599068,1.48665920461772,0
-1.6586077963537784,0.32763960835252226,0
0.006326282001534039,-0.6645089282072016,0
1.574236164618015,-0.08937901474623247,0
-0.925395729865054,-1.3987167110443175,0
0.25225315262407944,0.926456779018663,0
-0.4604384718784266,-1.5635574921766178,0
1.5336831777837245,-0.3886292118396738,0
0.15744004708119497,0.9816259990701259,0
0.09057261835776179,1.004484209494176,0
1.3971397248170172,1.016509967439742,0
-0.22605327667059064,1.1171167097592618,0
-1.4574468143517196,-0.9818201177522714,0
-1.1421504539055383,0.920179910166317,0
1.0501800137090342,-1.1342858002398148,0
-0.0060452071610301965,-0.6998523832022572,0
0.5618938846811298,-1.4506419158641208,0
0.33363801755048444,-0.5449442577893666,0
0.9647888233722057,1.5037383581160921,0
-0.4794421425094963,1.135174215727404,0
-1.1410788330546213,-1.2648399095160394,0
-0.006401632677104251,-0.681271790692028,0
-1.6252903510670886,0.31581861191184474,0
1.4923199285692208,0.7226696273158513,0
0.5462683226148706,0.6010462639930388,0
0.13170010934352638,-0.6265985776850718,0
1.5402537222887367,-0.30368785448810726,0
1.507670736156165,-0.4983864229629605,0
-0.1956604561517925,-0.7158521800131907,0
-0.5491623061877232,-1.552522400253478,0
-0.02408517021453633,-1.612443794502852,0
0.4785008145953238,-0.4300122100124452,0
0.6820501894162446,0.04103309209331439,0
1.5682310064326759,0.3970552141513069,0
1.4581618125448754,-0.5916214579949236,0
-1.347098864853516,0.7369984943045799,0
1.5337532980026054,0.6985298458623745,0
0.5379178723342976,-0.33258166376264486,1
-0.5705593836383449,1.1294530697888872,0
0.5196839287436712,-0.3234264264704828,1
0.5034409870486087,-0.3525405402029898,1
0.645413713702906,-0.015119265250851064,1
-0.9679963231545178,-1.3893675829057397,0
-1.6932963426775822,0.03729099157626303,0
0.16283297488053203,-1.5865044271088242,0
1.3168846305432473,1.091708206581371,0
1.546497092650404,-0.330198787564468,0
-1.6091769899885666,-0.6911851228102994,0
1.487798400058234,-0.4607235009108745,0
-0.22993537823576415,-0.695387403246915,0
0.00582124883581819,-0.669561144343689,0
-1.7057542504094807,-0.4218354286303193,0
-1.7309082398090425,-0.025565629383483075,0
-1.5340314536796174,-0.8222780993379085,0
-0.5387660838328565,-1.5656891959712658,0
-0.13304124996343814,1.9658852146792385,0
-0.5600827659146923,1.1436848780289348,0
0.06991502602621195,1.0268742075790507,0
0.8370150958826762,1.6057699496245101,0
1.5657003200685224,-0.3346554307257624,0
0.4896531202113789,0.6464229454789673,0
0.09108410697107897,-1.5781932035976878,0
1.6126987413567606,0.2105051506501515,0
-0.028844169465505616,1.970977789225652,0
0.37157731596570603,-1.5348023818742202,0
0.44646146884742327,-0.4632706967336265,0
-0.7551996904526337,-1.4601577003480313,0
0.17802501561356665,-0.6254842766846781,0
-0.24572289171291603,1.9875382033398974,0
0.479656580597391,0.693871884318157,0
-1.1699632417553723,-1.2365912737704963,0
-0.1261119158848581,1.0603988580743176,0
-1.448049973768527,0.6326934419341644,0
0.37646792055564005,-1.5066660508619656,0
0.6487413146961747,-0.022975208286281208,0
-1.6955264349982815,0.12807508006079604,0
0.6246886832909002,-0.15471366570136882,1
0.3311084886747519,-1.5286135934980534,0
0.40212242148510186,-0.4887604218514249,0
-0.08507486393173477,-0.6952278461336685,0
1.4637434221607712,-0.45629517434851696,0
-1.0308372568885569,-1.365119261726386,0
-1.710495472232312,0.15285515248743445,0
0.33158012175114115,-0.5153213647967985,1
0.4638332588081824,0.7178193303237237,0
1.4781776158026092,0.8070469321434598,0
0.6482992476711714,0.37513380281715586,0
0.5053078950192543,0.6254666656815545,0
1.396374010446589,1.0000251937119613,0
0.25861934477921394,0.9049777857184891,0
-1.3537371206272264,0.7737593055136078,0
1.2042808253130042,-0.9975384902143997,0
0.6347062200426059,-0.033962628790073036,1
-0.6358597181304505,-1.5642961973789458,0
1.5954001108728846,0.09989352804887938,0
1.349761159592451,1.1030016569723677,0
0.5113815565168336,-0.3769505184086301,0
-0.6299946290497848,1.1423143064400902,0
-0.12958848647283172,1.0704579972605075,0
-0.07186533722329903,-0.6830133605028587,0
-0.16295309825156995,1.1149890452983031,0
-0.29471452548196064,-0.6833282585378141,0
0.4104784470306282,-0.49494026490577636,0
0.5878563307118212,-0.24004528997270078,1
0.8446945439190636,1.5650647654183698,0
0.8432972121475765,1.5670084084044305,0
-1.7118401316424443,-0.17138376498416255,0
-1.6257390459483732,0.27853746108481864,0
1.6194986557763231,0.11164652899928634,0
-1.7187212814373771,0.006018743557165269,0
-0.18873077168352004,1.1159558139401968,0
1.4076646119460918,0.9530083468616019,0
-1.592394033381903,0.4207612285987322,0
0.30065300301651643,1.8986287499811343,0
1.4874765704055501,-0.5369562915622849,0
-1.5723999436410576,0.4570128989895329,0
-1.7122113136025434,-0.3386120400564988,0
0.5765344300928944,0.47263827817331244,0
-1.665595941126165,-0.5073541771910904,0
1.1956044624460103,1.3125919848897263,0
-0.6309994460450695,1.1242440850761566,0
0.2224910109507451,-0.6200054992018574,0
0.3876946106968268,0.8096892634560345,0
0.3736465917909862,-1.535031792277487,0
-0.7821318759754176,1.078403818916907,0
-0.5908226409430298,1.1219322744566185,0
-0.1845464125288843,-0.6938796799852569,0
-1.631895447676736,-0.7186230378897573,0
-1.4600407310217014,0.6458740997709559,0
1.602401605288821,0.0904262908915136,0
1.5749037082609374,0.2800065447428289,0
-0.7486389562002848,-1.4942665251143663,0
0.22779092249105726,-0.6076437266658415,0
0.6563236301512865,0.25416723440139577,0
0.624124317070062,-0.1313433460511075,1
1.1878916733615712,1.25696110851948,0
1.1553849961801255,-1.0373648376752382,0
-1.5786379447609402,-0.704497082417321,0
0.26220983202395876,-1.5192456223827593,0
-1.494308660799558,0.5584596789852787,0
-1.7434378071026329,-0.001843620106988833,0
0.6311140721179899,-0.06246984633888318,1
0.27049859771757323,-0.5866735542387596,0
1.1837229979884274,-1.0061837447348365,0
0.21000375140080627,1.9210389923411233,0
0.6139058402469284,0.40590132365327025,0
-0.8752437889746575,-1.426651388973692,0
1.2785971981563728,-0.8850000499834247,0
0.5376405343590455,-0.30910057386613204,1
0.5084769216152817,0.604418505515131,0
0.6561865242770123,0.2739245667568725,0
-1.582493848988178,-0.7772270028392415,0
0.3407177254199353,-1.5543213963930194,0
-1.1704964346585411,-1.237679673852229,0
0.7946661408353857,-1.37999307995733,0
-0.19770639261886822,1.0894907840442112,0
0.5744986559276355,0.5732863635593735,0
1.0141891559838245,-1.1576359828231675,0
0.9814966065104651,1.4811736484692632,0
-1.4792485266606679,0.6398750015606144,0
0.47605436144678215,0.7040042538036256,0
-1.6340847573906243,-0.628970777655454,0
-1.5797096566859679,0.4556409134612961,0
-1.6803493040208133,0.2358558494848699,0
0.9176211678742316,-1.2212976708561998,0
0.7115603157411876,1.6890256230314582,0
-1.266453914417096,0.8355785461484432,0
0.0937412935828407,-1.5483073286008677,0
0.37108319246822863,0.7911367119414062,0
-1.4804447069061821,-0.9467756211177779,0
0.40462028942254874,-0.4657982653961994,1
0.5947148038988701,0.4791630958223453,0
0.5714443052446796,-0.2078222159657073,1
1.343790498309634,1.0126275125619002,0
1.4793713400745094,0.7680351398121024,0
1.3536401817975046,-0.8012862575970668,0
-0.02004355123304147,1.980188789912188,0
0.22691449775529965,-0.6153293927109499,0
0.5242024991083027,1.8154966147262914,0
0.18900907327401156,-1.562745422933276,0
0.6245716656931657,0.401323011312278,0
-0.596012036304613,1.0906101056132265,0
-0.7903260436874258,1.0664247494589985,0
0.00800918405802096,1.0402996587577347,0
0.1844103230386764,-0.6251784317647743,0
-1.716708847940502,0.13309627025803653,0
-1.721935970992221,0.017178596039296293,0
0.7697547059289928,-1.347889645278919,0
0.26030538316984125,-0.5896848020961984,0
-1.1405839806508375,-1.2745672757398347,0
-1.5541133711193642,0.5296719789865493,0
-1.6804789923852594,-0.525187759341778,0
-1.396227312973734,-1.0464145144322294,0
0.18887602131642367,0.9177618446216765,0
0.2758057536971798,-0.633770027480283,0
0.3746324958375424,1.8755883109786131,0
0.40953727208391355,0.7640891103386356,0
0.84754429368758,-1.2779619125303787,0
0.5537719763262615,-0.22243134688491245,1
-1.4704439991203682,0.6093970111832359,0
1.482830386585747,-0.5225820442024703,0
0.4241821565966586,0.7807576909775952,0
0.15632147019561352,-1.5667390979116473,0
-0.12144495384079566,-0.6863439375706489,0
0.18761583829819345,-0.6394737329626518,0
-0.19206743800439643,-0.6845005416405966,0
0.13636632442786897,-1.564589297413656,0
-0.5236251372321598,-1.5427472612970459,0
1.5660659720744554,0.5150559328367692,0
-1.5940472244708035,-0.7753658236340122,0
-1.5428526786178125,-0.8062267437227043,0
0.6326146270735094,-1.3909871634461117,0
-1.1147443384791018,-1.2852147570458483,0
0.6093991969781256,0.4575246641719603,0
0.6235712634197562,-0.2134464650401488,0
0.5776023133618904,-1.4488664186713973,0
1.3212345333390902,-0.796432782705214,0
0.5106157490983462,-0.3373227198346937,1
-1.5175723633208875,-0.8889757986298996,0
0.21599018546224563,-0.6321477217710153,0
-1.7228576069567705,-0.2367883654924656,0
0.45109937446986287,-1.501102046957658,0
-0.18651385967008174,2.0109546680399655,0
-1.4351270061024495,0.7046367718787436,0
-1.7384621068832855,-0.27510233818579505,0
0.4332254472624379,-0.4489773101695278,1
0.5435273371688013,1.7653539784192647,0
-1.7179762157652405,0.042210939414057465,0
-1.1148047222881363,0.9262641897265119,0
0.6537867572645242,0.31672871557269994,0
-1.3157265522147734,0.7941378516228209,0
-0.9888588744853745,1.0168770849081354,0
1.4071117712762231,-0.6795702432600297,0
0.26180014168733234,-0.5731190980379676,0
1.6262533500066814,0.03061260688110298,0
-0.5705344098179207,1.1557253027520318,0
0.08364570722765009,-0.6747478315467914,0
0.2528015177615529,-1.5311623292707843,0
0.20606517826635368,-0.6191573073059039,0
0.5681810797230212,0.5127051806064775,0
1.2309515745128214,-0.9482087667880028,0
0.5528809370390501,-0.277080671876278,1
-0.08641520974453573,-1.6045439633500957,0
0.2115554246722835,0.9453491535580366,0
0.32324593570665533,0.8523527633148564,0
0.7184914987297549,1.6485349623759198,0
1.5329064919051252,-0.26004274834149876,0
1.5654613900228664,0.2813818690054683,0
1.3566646060517427,-0.7161595958174646,0
-0.5771002698112211,1.1077385906931905,0
-1.0182779783007654,-1.3666212098133765,0
1.334718011622581,-0.7663809742291465,0
-0.8390571831565677,1.063770556477623,0
1.5863144395851403,-0.2589725589007243,0
0.4881120369912632,-0.3746521310646872,1
-1.50643342347955,0.5558818045881738,0
-0.13972591329533987,-0.6974758314190056,0
-1.2149891049936241,-1.2056512680022915,0
-0.3430819268693415,1.1242596803276341,0
-1.3572666770594444,-1.0810421191472415,0
0.003988407562917617,-0.6980908614941952,0
0.8748641990584971,1.5613727841648601,0
-0.24625727375346165,-1.5889786890218707,0
-0.11867916869838524,1.988542015226832,0
1.5679871647066375,0.5435924433627005,0
0.3196304882163989,-1.536837112748936,0
1.4206311777451655,-0.6221956825793872,0
0.12815657971183023,1.988212635136049,0
-0.05377855910901708,-1.581984791882358,0
1.52807476643487,0.6837135937720433,0
-0.6302944748145242,-1.5033425120346258,0
-1.5818704402199002,0.49167779263217265,0
-0.5517747439027628,-1.5520169745996153,0
-0.8699968063022924,-1.4614607158861792,0
0.5157054040792809,-0.34168879354719495,1
-0.04672027154975074,-0.6943932110422013,0
0.5624655577133192,1.779446108130835,0
-0.07252339897964699,-0.6981807709157343,0
0.6476352038400088,-0.051460619305045155,0
-0.10651575084648575,1.0885368903610253,0
-1.5321522071204838,-0.7549542700979321,0
-0.44415145997077365,1.1167981092156927,0
-0.21396007369276704,-1.5909826126258964,0
1.5513203928896904,0.6651540392225492,0
0.6090871429400686,0.40609866288202695,0
-1.7130660257204557,-0.3759301188193638,0
-0.4643509102035917,1.1116162442964928,0
1.6024804328936755,-0.0366341607044594,0
1.4175403566718963,0.9643743141142634,0
-1.5498380452613134,0.5394849417876236,0
-0.4516249310167251,1.11195775175865,0
0.0042746310385040785,1.986986795160452,0
-0.22828589082525258,1.0965895857283599,0
1.5021143664898142,-0.5178220917575544,0
0.6848931364882455,1.7280230428475867,0
0.6640944726783212,-0.021028508835437987,0
0.1169875849880722,-1.5631638009075532,0
0.8286821369779241,-1.3123659247738566,0
-1.706200908308845,-0.4642296687276862,0
0.6683545414703256,0.10000495076091163,0
-1.5290265806919245,-0.8333220260739042,0
0.26852851151589047,-0.5692370170260571,0
-0.30345439118238743,-0.6943254374801637,0
-0.24503431565259456,-0.6935815892914348,0
0.23949679422147707,-0.5949162314727338,0
1.6007439957807157,-0.1804001559281208,0
0.44344825753355244,-0.41292708168963066,1
0.4861691394196603,-0.38181914801245864,1
0.33622989780643137,0.8298248952401922,0
-1.292395893735814,0.7896881285013888,0
0.6449130808845962,0.019925205053696913,1
-0.46544260716603003,1.1326020324156512,0
-1.3139781844850822,-1.1363027725892678,0
-1.5865340284255331,0.4616577029628491,0
0.48265726503698786,-0.38143172666990977,1
-0.3088751062071255,1.1077793752968432,0
0.02149156497682137,-0.7197733541607733,0
1.3049987690501186,-0.8472237503483324,0
0.4403370983643352,0.718177182441113,0
0.62054367750524,-0.13986662582773332,1
-1.7199712924858845,-0.4479279177381566,0
0.34355424869624007,-1.55496219518869,0
0.1745983934436155,-0.6519498472752836,0
1.1297162602539825,-1.0862295728706028,0
1.0928853280187778,-1.1020619579149697,0
-0.6800442205229785,1.1022433235247573,0
1.5623578418967266,-0.26812592793645773,0
0.34688687752546693,-0.5222641792891048,0
0.02413590931176842,-1.5609394340921185,0
-1.511873054041184,-0.8807803827130414,0
-1.2328194709610172,-1.201043502424979,0
0.20881134732567164,0.9724168209738241,0
-0.7254081958339293,-1.5000729995584825,0
0.8702332326148264,1.5999423591191975,0
-0.9264067363320163,1.0530623241799666,0
0.30509619976778873,-0.5388911399949492,1
0.7062841623508767,-1.3840094263427576,0
-1.0687624991328672,-1.3220005312861516,0
-0.346425443704526,1.1201278057962725,0
-1.685935703776234,-0.5207170806918778,0
-1.2259730380908296,0.8529560105410642,0
-1.086265183077356,0.948375086578118,0
0.47355273862554687,0.7217902029998319,0
0.45578172507546666,-0.4810388386460059,0
1.5239457403713352,0.6100965616326811,0
0.5910257123173861,-0.22831311534507787,1
-0.8375952782031021,1.0872527647211556,0
0.37256615345983607,-0.4987764863365292,1
1.5592523339965998,0.4973283507680542,0
0.34463892982518746,-1.5377644465725677,0
-0.7655087495475711,-1.4535514671858745,0
1.366561951472085,1.0252802302540325,0
-0.29322015180232874,1.1212161161430032,0
0.5930318714598005,0.5469101918442567,0
0.1502262739626288,-0.6288574804869053,0
1.5539239022370228,0.567189645015073,0
-1.57082906441379,-0.8344117475219102,0
0.39495056815241014,-0.4857156456245593,0
-1.6957197839167955,0.18569301476109282,0
0.4767770739046412,0.7196683975486938,0
0.07894574638811264,1.0134671566488995,0
0.3615706391169709,-0.5171276448880805,0
0.5694077244149063,-0.22523368327122567,1
0.561471082251607,1.7746165397781015,0
-0.18089004892867896,2.0069118063402227,0
0.47594444289354243,-0.38858343726482536,1
-1.7371859602128137,-0.28645713128832856,0
0.6487468287343581,-0.12242887038642883,0
-0.8175338622295144,-1.4845757241951334,0
0.4884973692043856,-1.495153920449672,0
0.6608776585596604,0.3011767422319696,0
0.17776843206700244,-1.5645462185109986,0
0.6399417037559786,0.07509458899239542,1
0.13273831311154347,-1.5874634753792667,0
0.6509214939923018,-1.4118014122187734,0
0.627715005413231,0.33831384373727447,0
-0.080791657443251,-0.7042030722626397,0
-1.720314791879727,-0.47362861760932884,0
0.6065822885354989,0.46675304144176116,0
-0.5332379352749135,1.1247096827640812,0
-1.4143607594665093,-1.0160107254951403,0
0.07742025588851366,-0.6769947517097928,0
1.5446200011598696,-0.278653511973817,0
0.5334069854628177,1.8102589097726514,0
0.294735027682674,0.855562912591353,0
1.4435130877564046,0.9028025297415913,0
0.62135803423343,-0.057961833905830436,1
0.512354895926486,-0.3797439400124969,0
-1.5639881457943694,0.4717916830012832,0
-0.12732050325601396,-0.6974516255683132,0
1.3963732235263022,0.9772118155433495,0
0.6736797711572641,0.18397319330300577,0
-1.720765839516373,-0.24262038758498644,0
-0.009747244301205544,-0.7027167178721386,0
-0.5346471901859591,-1.5497076052519576,0
0.44883428591765245,-0.43889195931445457,1
0.32913196247043236,0.8523080934312549,0
0.11077239656874713,-0.6479911971407524,0
-0.18665849263816603,1.1015415734566136,0
1.400039260297098,-0.6237729460936149,0
0.657079459530907,0.1614640219948439,0
0.6622057728212607,0.2589496224734602,0
-1.6963071385987152,0.161493798664783,0
0.662279266919131,-1.3893283897694586,0
0.6587675588461863,0.0426967241701637,0
0.23068162280135457,0.9129798426432565,0
-0.027891872329298566,1.9747445431205248,0
0.2716328884709059,-0.5808511185540539,0
0.29532735571133983,0.866949003853268,0
0.27073849905472647,1.9059426801750612,0
1.3673889522556697,0.9643610064210859,0
0.5814427161049416,-1.4470333208703297,0
-0.24208658904719602,-0.6802607051679894,0
-1.7121270432080156,0.03261072345816791,0
-0.1889430639395797,-0.6876271681332594,0
-1.7262212423422612,-0.3613884701726582,0
-1.142897297871648,0.9257963204663897,0
0.3643937512930485,-0.5019001825732465,1
0.27971618646703006,-0.5909246615836937,0
0.11190756501354447,-0.6490556230872817,0
0.8156936124472481,1.5561872978116114,0
0.5977182003276408,0.44504654539665345,0
0.22025884744223947,0.9202498108777287,0
0.25141158020539467,0.921367359398287,0
1.299098171433389,-0.8358269151430521,0
-1.5515276973333365,-0.7872962285765334,0
-0.702948819142783,-1.515549855825241,0
-1.3558831575879713,-1.0939850273720635,0
-0.3469934464347962,-1.5700462710907386,0
1.5579977864210157,-0.31115913108151216,0
0.6620976015692669,1.7141297779430373,0
1.5905403460954257,-0.16181723197678233,0
-1.7136756402142048,0.1059729361429477,0
-0.5525029646487322,1.1220160889173327,0
0.46024564488186215,-0.44393059064577783,0
-0.24527519497869676,2.0015514266431733,0
0.08486367632920117,1.0042777589095673,0
0.6235735916861669,-0.05514110917232809,1
-0.23387505965920383,1.1255048981425526,0
-0.623102767438674,1.0981552688195162,0
0.6113423017369222,1.7357348616533805,0
-0.11409327855881299,-0.6744542949787258,0
-0.46156636862065065,-1.5706581740619654,0
0.006495289706378513,1.0480701606139795,0
0.4639755791891763,-0.40749077362272446,1
0.5410331405410289,0.5372391592447865,0
1.4828488520311018,-0.5259477786581643,0
0.9862216099949659,1.4705998466843593,0
-1.7403778042655147,-0.17557304818312405,0
-1.7302105517673663,0.128352418129983,0
-1.6767219177690467,0.2307868437439713,0
-1.7071171014674986,-0.04785628059267197,0
-1.158159803646709,0.9097427899326971,0
-0.36169995928395404,-1.5595067687153776,0
-1.7079775904676677,-0.2923939805087109,0
1.4835598511652,-0.5155793195159221,0
1.58986569643962,-0.08590370016563628,0
-0.10131673403797849,-0.6909918886914658,0
1.605639915166526,0.21233148978035934,0
1.2436695973586058,-0.9228907921983902,0
-1.6283506404139436,0.326504023202847,0
-1.406230004811394,0.6900964666152317,0
0.7839111136043145,-1.3356222367425012,0
0.9229172851804991,1.5465192670803807,0
-1.6956181931856573,-0.17983971791691788,0
-1.5051388644861625,0.6019589726619127,0
1.6207883188824495,0.2805375301165393,0
1.206716340793684,1.2596033885829414,0
-1.7043595372751184,-0.48027050828114537,0
1.6065216528658206,0.3022123980242487,0
-1.6854924316280793,0.22042436345031965,0
-0.0967086609815786,1.9902413161536319,0
0.9484840716767313,1.5250581343887049,0
-1.0862166022828117,0.9310252164739143,0
-0.7107104510065324,1.0833452292382968,0
1.5678418214865517,0.47439151162062604,0
-1.5990798264338464,0.3813467154989184,0
0.5828806854336653,-0.21364614170923324,1
-1.7221981196526117,0.0019745419386842326,0
0.9506362723016246,-1.2310116045104549,0
-1.7089754269164252,-0.3792478147589288,0
-0.6613176209188337,-1.5232900374392968,0
0.1908458715336374,0.9499509470380628,0
1.4339188636100775,0.8505486315814981,0
0.1904745501008912,-0.6172107977783605,0
0.2094324079899912,-0.6121468374858557,0
-1.6880748360866584,0.25850087650409437,0
-0.7627057179524922,-1.4645849607615748,0
0.29311800674052396,0.8611775528920398,0
-1.6928778039125112,0.022033911948898425,0
-0.7146999091386501,1.0964208083679503,0
0.636583467594904,1.712806096403461,0
-0.8814069832282443,1.0287122937962716,0
0.2913640452626338,0.8605945373862387,0
0.5786608571879893,0.49042284363733063,0
0.49239264337113353,-1.4775633098479692,0
-1.65842711314203,-0.6103646863632815,0
0.663678066509065,0.05613273252517739,0
0.6104447660935068,-0.1017141872758282,1
0.5853777586572795,-1.4406351116055096,0
0.4188315104518094,0.7802138189125938,0
0.5795719308236318,-0.21023488740050614,1
-0.16780096100913036,-1.5841275104292531,0
-1.3464822942147618,0.759509727553308,0
0.7594106605747375,1.6462909993800714,0
0.3036193296058546,-0.5447522243112487,0
0.4458000718144132,0.7109661156154634,0
0.4019602041517823,0.7830210316141486,0
-1.5363629608202094,-0.8387499601434713,0
-0.9386272346650523,1.0426818404508007,0
0.4501019495683794,1.8439769287363188,0
1.5641289559308185,-0.20002051795830297,0
1.6107085427087886,0.1814844713994898,0
0.26456801467100843,1.894932276324073,0
-1.625536712017259,-0.6826535350771957,0
-0.8238368937046798,-1.4636889765533163,0
0.3411707260199907,-0.5339498218958864,0
-0.23788174655490726,-1.5943019126758453,0
1.034743117659855,-1.156236902258684,0
-0.3709162293868946,1.1349579336870839,0
0.11766091202975157,0.9856357323570377,0
-1.7015338109079727,-0.4218539665911261,0
-1.703965644057858,-0.46028889136148077,0
1.4842298526422917,-0.552177505340797,0
1.5297673486845271,0.6469852210973833,0
0.6757875537697088,1.6895985841907482,0
1.4366529236520864,0.8777056481379238,0
0.5817234679805645,-0.21320612698657013,1
0.7204574532769692,1.6736918553308537,0
1.4051109055318278,-0.7057900203547769,0
-0.16598549240011393,-0.7011458822495075,0
1.1096037757315351,-1.0987971235216882,0
-0.9861096898104579,-1.3800783139037656,0
-1.6540218982243062,-0.600769477383398,0
-1.4196753578488843,-1.034319837092223,0
0.22659410381101203,-0.5946615063591099,0
0.1880741417403298,-1.5513914567132987,0
0.6524755166496458,-0.13432023831188605,0
0.3081230289590178,0.8315978675271813,0
0.01559221372499257,-0.6574677050063653,0
0.49631837565134834,0.6622131280472084,0
-1.1597355150843323,-1.2520362379869916,0
0.657456216110955,0.25891218521492454,0
-0.8849733717761658,-1.4359566388077762,0
0.4535741372812338,1.8356163364774716,0
-0.06257277083199828,-0.6780604274508731,0
-1.5500532299524912,-0.7839497808837554,0
-0.09785480055739183,1.9963864750121694,0
-1.1348315892194916,-1.246028513243163,0
-0.34710268140090633,1.1102322982148214,0
-0.7065773346393208,1.0860005635236587,0
-1.6544827371516213,-0.5737515585338484,0
-1.6786166004372232,-0.5502994595494907,0
-1.5748959395049746,0.42959463874851495,0
0.4874312446290426,-0.36942602387821966,1
-1.5228304018604857,0.539587888893356,0
-1.1548281590069893,0.8987933537534566,0
0.19626245780243626,0.9424960347309086,0
1.5072550094453656,0.7017251323625027,0
-1.5342424079185417,0.5226881793098976,0
1.6331323265993642,0.03929781938115176,0
-0.06807992700979462,1.056997626144554,0
0.6217235683787048,-0.16173747759225393,1
-0.8332005937299015,-1.4393731656489535,0
-0.036653207758102185,-0.6817483570254118,0
1.3976397648212229,0.986753607355135,0
1.5956486356004673,0.32256931683018836,0
0.5754514455001378,-0.2746202551730447,1
0.21509380416969048,0.8970084898840048,0
0.4986265057645723,0.6735136305036968,0
1.3923361319450593,0.9365675026128141,0
0.34272529607749713,1.84118206718926,0
-1.6082075044584667,-0.6919530174864963,0
1.6022135018442694,0.30212293992037426,0
-0.38097344604385597,-1.6052988554851526,0
0.6839342106456332,-1.4033418294401194,0
1.5764398279835483,-0.19606150256242616,0
0.5544891076338925,-0.29434565029325116,1
1.3067421552030758,1.1486386842293383,0
-0.6551003831025723,-1.5363147312859249,0
0.34251676033251605,1.8986955496438245,0
0.42788604673853214,1.826689233587622,0
0.026152150507997875,-1.578105979602276,0
0.6304803714710006,-0.12379960505556754,1
-0.9048399574928826,1.0273629094606616,0
-1.4323520388852717,0.6390061184732018,0
-0.3327290500463603,1.1009958659685042,0
0.12255396837029146,-0.619415602017323,0
-1.5217751422061512,0.5458893391236879,0
-0.3618062676245784,-1.5776747799044823,0
0.4190608145939457,-0.45545908874644964,1
1.3690219347984875,1.0072517483379246,0
-0.20652744680277618,-0.6828467943499271,0
1.5208572615460518,-0.3947520409212389,0
1.342369619330993,1.0297571640940304,0
-1.729616820951722,-0.17151144291303302,0
-1.6698630446406568,-0.5683324126048737,0
-0.7362536040386887,1.0814951323644044,0
0.011404243229942185,-0.7015750063850354,0
-0.8207787252750895,-1.462281780895802,0
-1.6430378352483195,-0.656762267050115,0
0.4603453355178292,-0.40298730362398927,1
-1.4605458364445598,0.6153921203081898,0
0.009948197880877288,1.0406909380240623,0
-0.0914216702765832,-0.7109649948085041,0
-1.7073364516696279,-0.27879220285679057,0
0.5625656304972052,-0.261229718440411,1
1.6117606619011486,-0.13736004813856648,0
-1.6944557671818643,-0.43144582750332416,0
-1.0068864018699875,0.9971670742445857,0
1.3264754096209,1.0878478964272331,0
-0.05393005437119654,-0.6939399116539284,0
0.37304722493728576,1.8669666755746661,0
-0.677850149349189,-1.5048803087071596,0
0.5297029159271294,-1.4459805643126833,0
-0.015653823428824626,1.0497448935053464,0
0.1930478287094007,1.9292128893475387,0
-0.023802666673579477,-0.6998047536083803,0
-0.18089633626805451,-0.7158631199152694,0
-0.5100328505393003,-1.556635806384473,0
0.23172074732941084,-0.597449163628107,0
-0.3324009418490433,-1.592853027419498,0
-0.08235267579958862,-1.5754793909530393,0
-1.4184212089306352,0.675255343449956,0
-1.7161472789930707,0.08854773181695996,0
-1.0209291442876103,1.0060684752996585,0
0.5314550848977174,0.5669165683796777,0
-0.017519879172084283,1.0332657088239434,0
0.643141327846499,0.4575433762164904,0
1.4470335233736265,-0.6372181040914952,0
0.24126702979602,-0.6062428493596491,0
1.5882684334689139,-0.1975478632981962,0
-0.28114934633877003,1.1148263569328196,0
-1.2669387233276295,-1.1753351940301386,0
1.4834102303160404,0.7505554320075762,0
0.26978465022300036,-1.5670892936405254,0
0.5480346195441533,0.5503505603901625,0
-0.9633842051652723,1.0216396759481305,0
0.553145227825368,-0.2758647133855365,1
-1.7355457584257237,-0.27616965934993404,0
0.6376315474244352,0.30643074040512386,0
-1.708708914714114,-0.25981227273760316,0
-1.6499126954236285,0.32531386515047445,0
0.5693577821632114,1.7963304634606592,0
-1.2909953118555495,0.8084608028068742,0
0.13267402578991772,-0.6321605112270438,0
0.0787758160071698,0.9943527648928747,0
-1.3896318623064035,0.7272115264887224,0
0.43408245032871895,-0.43897536182445646,1
-0.0376554379818285,-0.6899331755632261,0
1.1741141622754374,1.337291825357019,0
0.648297860985285,0.04954873300317629,0
-0.7498183470310849,-1.4767709075024131,0
0.6466294484261599,-0.0714074503751239,0
-1.1392240085825471,0.9223810505726846,0
1.2648582623576043,-0.9346114398979438,0
-0.7793474893071481,1.0832992167453244,0
-0.37110329930823327,-1.5892388381682647,0
-0.2825890916684369,-1.584918442409025,0
0.17460810845429067,1.9309763678455365,0
1.0616016391470726,-1.1415911236994258,0
1.333158666712021,1.0975507305587464,0
0.6383906098714598,0.06077855476618199,1
-1.7340136043907448,-0.2673739236320764,0
-1.4118071283864977,0.7182591242751833,0
-0.5790658023197508,1.1041165573118628,0
-0.011026987171039055,1.9707940929497805,0
0.564397217887146,-0.18545509144718117,1
0.5721311941827749,-0.23958971654576286,1
-0.1248086782629289,-0.6986846293213841,0
0.005032932851553923,1.9711607698222626,0
1.5414942716526596,0.5880461050872446,0
0.4507305140328775,-0.4375845820385262,1
-1.1639754581531996,0.8768976080225387,0
0.6461049604666667,0.0008247586056088116,0
-1.2994057936505747,-1.1582445593070534,0
1.3664215745598942,1.0216163777730913,0
1.5311724319809603,0.5554238455468725,0
-0.5782359066380778,1.14315033431095,0
-1.2682297890066303,0.845376635228006,0
-1.348135740277953,-1.1060001103597534,0
-0.9783548676605329,1.0253487387063083,0
-1.0717080060468454,0.9733492678824659,0
-0.5167733519133825,1.1365721069871784,0
-0.23184935454566186,-0.7034654758458246,0
-1.729124194946935,-0.32103398252917914,0
1.4463570967520982,-0.5649387747119047,0
-1.6912192258138166,-0.11676778658133256,0
-1.3919708309222636,-1.0873620798917483,0
-0.7634474877152424,1.0755204133956793,0
0.02935540524333356,1.045155753112294,0
0.3418306560753901,-0.5239869053140963,0
0.9874914134878083,-1.1441080495312195,0
0.4081972772312254,1.8425253486092463,0
0.5713510003603003,0.5133569113262074,0
-0.6179789993748005,-1.5291252203324173,0
0.4671769047467469,-0.3971988051764572,1
-0.08498246804555269,1.9739242645467427,0
1.4031107688237736,-0.6154762537625881,0
-1.7248928943352682,-0.3207561309497573,0
-0.29930819529889335,-1.5951726994378952,0
-0.7675194331375851,-1.484871173013701,0
-1.6775995750019903,-0.5853187788001045,0
0.6648214715824657,0.16564347260489,0
-1.3941783356220072,-1.0069687218789671,0
1.082180798506348,1.4128327152118754,0
0.26201922755481843,0.8708712243748316,0
-1.7072892470294794,-0.16480252197527245,0
-1.6611701815782125,-0.5981503653442707,0
-0.14717867693175166,1.0898101979121617,0
0.24858050444369736,1.9006891149392555,0
0.3742396581594481,-0.5304076473786813,0
-0.13218264834240942,-1.6059278561115597,0
-0.949533833443364,1.0391419383522447,0
0.8420094362159297,-1.273053444959621,0
-1.458774790923748,0.6341476926160416,0
0.5205948963891888,1.7862583818221611,0
0.6067996603329981,1.7543389676665502,0
0.28107702417955155,-0.5640574104467163,0
-0.8248435148995273,1.0680886237642138,0
0.4442013191306873,1.8393328191622556,0
-1.0835741381842934,0.9549409236669995,0
-1.5376475034953703,-0.8767849442449664,0
0.5479517166820825,-0.3101536192967799,1
0.08879846096161856,-0.6724433793557972,0
1.3740396878888197,-0.7016908668506212,0
-0.28005020060996083,-0.6698733198122868,0
-1.6134070392578215,0.34496646366765366,0
-1.7097691696837185,-0.0951563436387549,0
0.4190086353894877,0.7899392596030842,0
-0.10954509564344898,1.0835917907204402,0
0.5745489641245883,0.47629533726812684,0
0.5151197394299615,-0.3534169819466204,1
1.503091058363736,0.7322677830325851,0
0.6281666475952911,-0.1314055494330271,1
-0.12191090301893287,-0.713673313342578,0
0.2978609067987551,-0.573853803561084,0
-1.6882386306119777,-0.4776874797258163,0
-1.7039156144426602,-0.13795983000782358,0
1.2179622592979114,-0.9620591923535633,0
0.7632221741749207,-1.3494345540002362,0
1.5409309646186433,0.6795908593957332,0
0.6231771417224005,0.30414113822633093,0
-0.3309229939525001,1.1224016735921496,0
0.48836179398380825,1.8066748207526933,0
1.5067502209000523,0.7569746074248068,0
0.5960495284915437,-0.21880830743366392,1
-1.1983928884601658,0.8475456770740246,0
-0.13999360103833802,2.012283263336939,0
0.10968643683891281,1.0018539883763125,0
0.2746326712703231,1.8860733703132315,0
-1.663810698496959,-0.5902136294460562,0
0.6271205079484764,-0.05097928009855295,1
0.5451270187345066,0.5322927011922887,0
-1.7503668654369944,-0.07191578518779061,0
0.49004091637737407,0.7022913538379795,0
0.10851456542030774,1.9693528581385482,0
1.5394925908776376,0.6412994591077409,0
-0.3445507931934584,1.1447458285273684,0
-0.13341224697863366,-0.7064952941320352,0
-1.3345111552524125,0.7497425456520733,0
1.3205815535215442,1.1298885322437675,0
-0.43014169399348734,1.1368309720118945,0
-1.6449700067540498,-0.7056962249331244,0
0.8511046755730035,1.6006791387223183,0
1.5462866196267762,0.6695669786412748,0
-0.8898363605142221,1.0492726533679633,0
-1.6731810126683146,0.23066579275703336,0
0.06788323465231559,1.019960432894634,0
-0.2507265777533238,-0.6562843639733534,0
0.27411832529797003,0.8611790933472605,0
-1.2812305688938828,0.8118612652374916,0
0.8127928096862087,1.6299458067723696,0
1.4829070496300858,0.742234356738452,0
-0.19834161649847587,-0.7015528569888853,0
0.6569072762558228,0.14329841841516563,0
1.5917220231916502,0.12286633198326137,0
0.8533668135418572,1.6110217452580224,0
-1.7332907136182534,-0.05185723349329334,0
0.7355776694835826,-1.3933448414220118,0
-0.2618003734062551,-1.5823111969619006,0
0.4095899948204383,1.8414835752010768,0
1.3538335167057167,0.9903472873564099,0
0.6573258822510594,0.1578098355829871,0
-0.1583946151226006,-0.7428821301806086,0
-0.5147328184442669,1.1229691179896188,0
0.1537470238203977,0.9734774075298491,0
0.2634837767769582,1.9138833112382305,0
1.51799875633781,-0.43570430242559677,0
0.3959320926636669,-0.45062315416919585,1
-0.2358027319166463,1.1147729390463594,0
1.1518233132244435,-1.047106801375547,0
-1.3915252777945328,-1.023471668731453,0
1.5931254117237845,-0.028510454483807287,0
0.8044044129060318,-1.3428564361153865,0
0.6628910420174781,0.10527403533825797,0
0.23968604930923862,1.916199716800244,0
0.6474771686554205,0.23799485127006206,0
0.15251207809266057,0.9607695041363251,0
0.2443806417381547,0.9442677469549083,0
1.0834026354918422,-1.0869326092503746,0
0.4612957998234227,-0.4021959377219162,1
0.7521153452858458,1.6833676027036615,0
0.16502581354354423,0.9172009566134198,0
0.16930944108683013,-0.6251346602796769,0
-1.251387562339702,0.8463705356539547,0
1.6136930809293675,0.13058415758007116,0
0.013206581889850428,1.9769092110555695,0
1.4688113237797145,0.8355509699897754,0
-0.9160562623481152,-1.3993776576563142,0
1.0587304238838116,1.4383477010059222,0
0.639119216747707,-0.0957688442764787,0
0.42915614970322297,0.7402703246190276,0
0.6654136446100553,0.18014468893787952,0
-1.7009437001141727,-0.4462631808698507,0
-0.6558430392608574,1.0807750048214675,0
1.589252498493278,0.43275044716789496,0
1.5416714870645263,0.4863100978967633,0
0.4182059460531119,0.7259483017999062,0
-1.3537366049811093,-1.1068869177020584,0
1.4948821989557257,-0.4841182859606886,0
1.455547394818584,0.8957134050059238,0
0.6208880812867986,-0.1362005549647059,1
-0.9222984889820077,1.0119170081699516,0
-1.7024262471184792,0.07102337428464153,0
-1.0558419749670185,0.9632764919969528,0
-1.5164820862680621,0.5757276056130696,0
-0.2575685152969545,-1.60915255048463,0
0.02713339505424313,-1.573143085506341,0
0.3911242737375419,0.7648685341483704,0
1.2547439365806163,1.1987856728561006,0
-0.7845807261385381,-1.4648583187499142,0
0.43115682186919907,0.7627233570961552,0
-0.8846914264294513,1.0520282304133233,0
0.2554856469759132,-1.5377817892076375,0
-1.7211514988526035,-0.3253378550039969,0
-0.8464451308615961,1.066709489477749,0
-1.4521145387450904,0.6714069078261292,0
-1.6718610492787294,-0.5434724754564971,0
-0.6425072916541009,1.1038282273007007,0
-0.4884749927738498,-1.5719383522573689,0
1.3185418826030744,-0.8070403043771229,0
0.4944977265455159,-0.3377672133082,1
1.1233448493007034,1.3516617806119837,0
-0.8029928452503861,1.0607870094448837,0
1.2346952363325536,1.216495454472377,0
0.5044296550091101,0.6044224626785732,0
1.5872299923027926,0.39373722859453514,0
1.0815929099682469,1.4169155326132548,0
-1.7204733029583739,-0.26883490556460926,0
0.3315170774682763,0.8486178923262518,0
1.6352302827911114,0.09101171248545573,0
-0.7684924278012775,-1.484768140724666,0
0.4914658573807388,-0.39896110245095867,0
0.4173573267498338,-0.46914871413035086,0
-1.5270178964873686,0.5768118605319823,0
1.096810101915387,-1.0911087733468403,0
-0.8149833209219972,-1.4489108303793459,0
0.6465402578426642,-0.1441123265281823,0
-0.05340918904398223,1.0548314901350275,0
-1.7187553968006517,-0.44239028484697196,0
0.2675172814496235,0.8529561654186809,0
-0.1336334093362195,-0.6986152497943532,0
-1.6947834269954245,0.18755377359924238,0
-1.0918375781005734,-1.299754218432499,0
0.29172018666791816,-0.5835911320847459,0
-0.042721113047290656,-0.6656112591556269,0
-0.3997900302891403,-1.5889553026858707,0
-1.717857546889113,-0.2305907680269017,0
1.5642501168781158,-0.27100580883650116,0
-1.743326935075523,-0.15380516917399967,0
0.45234401356656373,0.7312384782440363,0
1.228889843872583,1.2375790696941433,0
-1.1474035241482528,-1.2641584271162136,0
0.6484951154259492,0.008103619771352924,0
0.588888400503792,-1.4108327338067443,0
0.27093197479629216,-1.5351170396228264,0
1.5864078875499774,0.5348223207890718,0
-0.6081140798341609,-1.5421238502800756,0
-0.40755097171424254,1.1449912380800515,0
-0.20457133415030843,-0.6966865554651771,0
0.516980013091677,0.6302720302295552,0
1.5952390480497107,-0.0906450739227942,0
0.40617299704835497,-0.4666286415201322,1
-1.583980745972776,0.4803031482922854,0
-1.7380650170009924,-0.2705429657403795,0
1.4823105738646098,-0.5901648513731388,0
-1.2315627017424968,-1.1990968291143382,0
-0.5544638133575793,-1.563476849887045,0
0.15647710463582676,-0.66903240976677,0
1.107061629835265,1.3696603589925287,0
-1.5624027891831076,0.43432232440819285,0
-1.7101164674328113,-0.44745850406224263,0
0.1348340505304334,-0.6449454590727483,0
0.05159271639228542,1.028589713305256,0
-1.688399086217837,-0.4514308085480857,0
0.06244760544473811,-0.6863086026566881,0
-0.28543905186663604,1.1149890886178664,0
1.5321928406602945,-0.3596511163987258,0
0.12965409574615305,-0.6595452746880748,0
-0.20082388156590297,-1.579524111653794,0
0.5165643003933895,0.6229120475784653,0
1.5013928329206767,-0.46762874938017146,0
-0.7164643550795207,1.084347624622252,0
1.5598868171916571,-0.28910773241803644,0
-1.6368199957889111,-0.6679917718260114,0
1.4938192451472143,-0.505742982465083,0
0.7822462233864909,1.6369812166775255,0
-1.2166758389486334,-1.230745514452693,0
0.9406390937962598,1.4901271992558416,0
-0.1621395655170752,-0.7026665517430027,0
0.5755100372232739,-1.4495022179826074,0
-0.06436947563212704,-0.703538587216726,0
0.4535587853463549,-1.4982820228591178,0
1.5623380287330222,0.541100573086296,0
0.3483247611450761,-0.5539470379499561,0
0.7380773806225895,1.7086794192824202,0
0.32100314360993654,-0.5752114715902809,0
-0.14202516190862727,-0.6985061895380313,0
0.5447131811511807,0.5776773977933467,0
-0.20653344579347507,-0.7041307889842678,0
-0.2837838354003226,-1.579238117244477,0
0.3718638279245576,1.873822589313242,0
-0.9292345209031824,1.039914915680914,0
-0.18550481819684275,1.0957935823190437,0
0.05438096929169003,1.960157365599425,0
0.6542869112630402,0.1681874436502722,0
0.39932595901319773,-0.5168110204527981,0
-0.3252026950233818,1.118512059271001,0
0.7963913039909816,-1.3210097312382645,0
-0.0164525403008553,1.0634112414007215,0
-0.20385432451492358,-0.7046228851145117,0
0.45105972886868057,-0.414698862037902,1
1.553930267609486,0.4213679954147999,0
0.4249688282506055,1.864774825529924,0
1.5690652593466654,0.48396167196924883,0
0.07279727463227213,0.9824292293027233,0
-1.6922588498113682,0.0707576921912469,0
0.5190120177689101,0.5996988106197706,0
0.6142300402143965,-0.17290307731063195,1
-1.6234735034207106,0.34451920731060837,0
0.019064261040344622,-1.5748357809372882,0
0.3544893561854213,-0.5171595553822288,0
0.6386609266699438,-0.08237656260332853,1
1.2306278007593583,1.1890947627385955,0
0.30113898404943257,0.8730057264757463,0
0.6692260849579923,0.2819105781033812,0
0.5330313970766878,-0.28726047862957654,1
0.6267789104652283,-0.08268719367033892,1
1.5012192723256719,-0.48340085007253253,0
0.17057124506995203,-1.5589516688423433,0
0.6332307145203976,-1.4087496717677204,0
0.5009992041999779,-0.3501834048720368,1
1.4277792384271961,-0.616130644604104,0
-0.21764050323985062,1.9833070549521292,0
0.1912642042965217,-0.6184899548012867,0
-0.7669824486046385,1.0843731382763813,0
-0.2208255152590063,-1.58831417798594,0
-0.9795395000943296,-1.3530143561983694,0
-0.4366412107065752,-1.5498125035802321,0
-1.5587386457211407,-0.7722476462394708,0
-0.24296081100450148,-1.5736687385592267,0
-0.19564723802015943,1.9973603491546652,0
-1.5002054503347204,-0.8437310406268556,0
-1.59734378776933,0.34932531642328213,0
-0.10054784610658514,-0.6980267120809192,0
-1.5987806148725585,0.4271447311352662,0
0.6199067952119964,0.41515954836671615,0
0.32348441502472347,1.8674529861842681,0
1.5170666535275816,0.7618125004976987,0
-1.5535789059546734,0.4738448136247795,0
0.6378225939534149,0.3640364683291272,0
0.2406350215722229,0.8984607615506324,0
1.5751425545841873,-0.26857293486991757,0
0.5593247010006422,-0.35426749591105294,0
0.14212841202805368,-0.6506176543208186,0
-1.5645438864810712,0.45341870994358296,0
0.08014343436297924,-1.5792917406849478,0
0.28011209529812175,-0.5590018482028452,0
0.0036280874192702738,1.0494626420325999,0
0.5244110866207294,-0.2764501512690938,1
-1.3413818319270185,-1.1187544578965343,0
0.39148951350534783,0.7740661968880306,0
-0.41215295286744963,1.1243376089549968,0
-0.15871009533981445,-0.7221660128251148,0
1.2203216760427147,1.2096720635571878,0
-0.4227930541779975,-1.556680217729248,0
-1.6565278326032447,-0.6230559262373755,0
-0.5567993032622084,-1.5659168219826296,0
1.597723034693713,-0.06665286246501352,0
-0.47278312817918056,-1.5732617599747956,0
0.16732136941687395,-0.6309222080585358,0
0.2010836030246765,0.9500360402181507,0
-0.4251692297427765,-1.5736210637821209,0
0.8406843155608158,1.568472043880576,0
0.7305842474696721,-1.3604046172972852,0
-1.4393041181535822,0.6970472084612138,0
-0.6622798095191136,-1.4902561041654787,0
-1.1356655089127357,-1.2772396200109493,0
-1.1954826479381948,-1.2729042347539918,0
0.3128769151620526,0.8602999520997255,0
1.5062028921593102,0.6574108596402265,0
-1.0240241579694025,0.9894282180833592,0
-1.4189320331010111,0.6952099426800421,0
-1.1201547665990303,-1.3107012385099006,0
0.5573572083864107,-0.2976572885758064,1
-0.5361360071326572,1.121559760416943,0
0.897032326921542,1.5548997942031648,0
1.2280660100780378,1.2101252943946978,0
-0.12722629206614483,1.095436810671425,0
1.3564771976186656,-0.7353244206230785,0
1.359519452101917,1.0056629232273389,0
0.35361013808155556,0.8100494902410755,0
-0.43351543402373366,-1.5647350751268208,0
0.46486330771331735,-0.40564030700193165,1
-1.7068473991070086,-0.45006541935250305,0
0.04514550548884138,-0.6642142425981048,0
0.49492589001331244,-1.4498283387103157,0
0.49390770116335914,-0.3928086973417838,1
1.3204400696536693,-0.7671801448584402,0
0.6397152534885028,-0.07012551753027213,1
0.7429453524804803,1.6821642927616656,0
0.4417793540754225,-0.44911950245884574,0
-0.05519282901966465,1.0659084528124307,0
-0.02625633755872568,-0.6934295276872258,0
-0.4501627111810925,1.1183017746610389,0
1.5692760502026055,0.5692438776337662,0
-1.6706573689892994,-0.561636642126901,0
1.0674381376092281,1.3899745000598576,0
0.47644407050185544,-0.40523821466778254,1
0.5073120271001623,-0.33139738216447523,1
0.6673182790681144,0.16941315834108656,0
0.6064795555384728,-0.11388979599867707,1
0.2236227430351838,-0.6145949616259334,0
1.2363790497942484,-0.8702985321136804,0
0.12388261009773877,-1.5619722631899453,0
1.0776247747415317,-1.047768653697983,0
1.5116285101851448,0.6437292924637776,0
1.540840857126313,-0.3899803439054533,0
1.2953954694711458,-0.8451195963249807,0
0.4799754746937284,0.642533998824859,0
-0.24505190177500427,-0.7089624478432972,0
0.13215268862346027,-1.5849242951666551,0
-1.3759504564742668,0.7662438803246322,0
-0.7595505779405395,-1.4573558309444414,0
-1.7220016004533887,0.1816898146830096,0
1.5994936571411003,0.1974908972141291,0
-1.4021171656374591,0.7005875570669706,0
0.3659869947756783,1.8673673222801537,0
0.2704388337902612,0.9172835479876317,0
-0.11779873819886365,-1.5816499769197898,0
0.2901667986784639,1.9186210043565046,0
1.108984678723475,-1.0895927475054714,0
1.4639171376076687,-0.4981533357453334,0
1.2216953499076844,-0.9869095790436396,0
-0.006901143852759939,-0.7082221423996885,0
0.9050091879902747,-1.2569663729291105,0
0.5257907949680743,0.6361485628782805,0
-0.7583220329803059,-1.496281722296281,0
-1.7412505653266912,-0.357467938702883,0
0.09031363187279343,0.9838696010829149,0
1.4969500473190889,0.7420897645488566,0
0.6501002510556125,-1.3840669231787033,0
-0.29939559003379707,1.0942601160079841,0
-1.2116089765416784,-1.2109812327550604,0
0.6071612778394077,-0.14575577410574136,1
1.2055337904786285,-0.9614593572004344,0
1.407898506280738,0.9612006203855094,0
0.36861670601347624,-0.5184886739152259,0
0.019965787082147347,-0.6855585198919459,0
-0.13244183474843166,-0.711705300909486,0
0.4504732122997567,-0.4499579436614605,0
-0.15053595300092018,-0.7069550011406341,0
1.5625196563458765,0.6104583462332968,0
1.2566213422749666,-0.8943435495817529,0
1.504725552675369,-0.41788830210232675,0
1.6325295092933425,0.28106824807191116,0
-0.1106010624076019,-0.6948653570273514,0
-0.8189406694558253,1.0879955710894451,0
0.6320288785626306,-0.12502795260998295,1
1.3068628534129083,1.075274126349937,0
-1.729930646868908,-0.0863055810030707,0
-0.11600173871446068,-0.6944928780784472,0
-0.6310127187891112,-1.530354306944148,0
1.251674177290785,-0.9283970266253386,0
-1.3925791586547696,-1.036969974061897,0
-1.4075871530638524,-0.9973374719506414,0
1.1818297037512364,-0.9836316624248053,0
-1.4106885277207921,-1.02763696806958,0
0.6602080410902159,0.18036128273999927,0
1.4337794962990587,0.9008393916286203,0
0.6643465927167226,-0.03573804210448726,0
-1.4657153424222427,-0.9289266155103653,0
0.24541011317356953,1.922697250114548,0
1.598663897911078,0.38865927000736017,0
-1.3074020647094997,-1.1451586847177408,0
-1.717673400788039,0.12570636080225714,0
1.5937795884689065,0.023741467621950892,0
-1.3067854058548778,-1.1529300484269167,0
-0.6188648551651051,-1.5611606895562988,0
0.6939021574877849,0.13444119262303944,0
0.8208769849246345,-1.3229671518298298,0
0.5558260069379196,-1.4596927858951805,0
0.2780858980297876,-0.5636940741186383,0
0.5718843323305164,0.5288923142642495,0
0.540821651773416,-0.2812300366152401,1
-0.3036332074558424,1.1181904967830396,0
0.6301627702857802,1.746318075566318,0
0.8029465108580881,-1.3342167879383,0
-1.3772868142621113,-1.0198502963640064,0
0.030331026581262948,1.014602863618705,0
-1.7333850610673476,-0.34224236637449695,0
1.390855275453444,-0.68272979799966,0
1.0383572408863544,-1.1327747312723402,0
0.5632842446350866,0.5216045807699645,0
-1.7327204592566787,0.06368859961997277,0
0.6214523309129181,-0.18669385224125193,0
-1.4882346353428417,-0.8808724167083463,0
-1.0444956201223474,-1.3384809700706002,0
0.2888727674915638,-0.5328002366829641,1
-1.600859896303334,0.4283485092608206,0
0.6644250730006139,0.2925566842615671,0
-0.7608131159550295,1.088435293918925,0
0.5847983794262592,0.5260306394744009,0
0.6455512603761003,1.7321522879909272,0
0.6368676604623525,-1.4158614146341353,0
0.21284818429306068,-0.6047285470732006,0
-1.4286653120097943,-0.9598649525978976,0
0.6564444219558558,-0.023998403797879226,0
-1.369820251944899,0.7333540799760294,0
1.0811737690324348,-1.1242302848624,0
0.6607306751624227,0.13074224984084387,0
0.7141299150517751,1.6988899860146214,0
1.4125988273571033,0.978980138560593,0
1.569072764401726,-0.03104137633113167,0
-1.354238857833177,0.705870579265523,0
1.50239894202323,0.7163436564241374,0
0.04244051017615673,1.0177646209184092,0
1.4937057844579753,0.671617999966772,0
0.18858032053828144,1.9533236686077171,0
1.4974461330386934,-0.3863665725527956,0
0.03592742335342732,-1.5848516844117773,0
-0.7294167003383953,1.109196062778957,0
-1.0108064414152993,0.9904527103486906,0
0.17879939495910777,-1.5908483372653457,0
1.5953720602445338,0.2992466087114674,0
0.10248516754702695,-1.5779653616707872,0
-1.0355155898604134,0.9794990850413775,0
-1.6224416293564943,0.3846212609846375,0
-1.742141320562233,-0.2443944770305163,0
-0.211459627804612,2.0053227598006758,0
-1.7300013979094757,-0.16968841477904031,0
-0.672387696980259,1.1135302919179864,0
-0.5599338770498077,-1.551968916276957,0
-0.003211958665179811,-0.6727683253069692,0
-1.588829947937445,-0.8021283810379075,0
0.634794412503203,0.3440430817774909,0
0.6520953123484765,0.07109507540371167,0
0.47424688032697004,1.83066167155573,0
-1.02182174969637,-1.3586853376894654,0
-0.94184830774309,-1.4235984347576383,0
-1.655975977715427,-0.6285565989282375,0
-1.1702300187341075,-1.2324560802909788,0
-0.7338710049153664,-1.5094533589196235,0
1.3593527942982588,1.0321949315094865,0
-1.6770769859578771,0.15822724639467262,0
-0.026368604868279185,1.9932090741320054,0
-1.6196444340210394,0.3826940215996988,0
0.452896635403179,0.679431145281294,0
1.5831193306695248,-0.16611338303573514,0
-1.2309110521654771,-1.2208165102110409,0
0.6511120291701228,0.24002044381733365,0
1.3450593843088647,1.0707150336746918,0
0.1569119366131054,0.9519152046679861,0
-0.4428256150785716,-1.5596593284946645,0
0.1765560710829899,-1.5719704434183648,0
0.18049879701915256,0.9386716002787201,0
-0.09284007883629553,-0.6963961757340118,0
0.6645418886388982,1.736141317353546,0
-1.3097197542857475,-1.1253631226758873,0
-1.2953002440290786,0.786957228813362,0
-0.878380302530913,1.053322205363673,0
-0.06670578599083443,-0.6780161640654964,0
-0.9877725405149498,-1.38119126168708,0
-0.7771675962926995,1.09263148052545,0
-1.0965338067860326,-1.278297474756718,0
-0.7260937333555588,1.090766437987839,0
-0.21170859669182632,1.1188027179785003,0
0.14957842571957425,-0.6398357539505969,0
1.0954027809423281,-1.0688401243860766,0
0.3509229083473064,0.8014682373747679,0
-0.40236915122228434,-1.577326005669322,0
1.5286363646689758,-0.3622239026173735,0
-0.1358412424125657,2.0063920521653182,0
1.0127793387058273,-1.15402404855398,0
0.10880701985303809,-0.6521625025060946,0
1.521668503095145,0.6285717133528703,0
1.5433409091741963,0.6179259386015707,0
-1.334541160754724,0.7822061009655656,0
-0.65842503179845,1.0921827466030083,0
0.7508864935282356,1.6616175780317415,0
1.0228058605479813,-1.1555484654965436,0
-1.5385472529619315,0.5255433456118228,0
0.6260956148262163,0.329220949828986,0
0.40776551110436654,0.7549359055112299,0
-1.4865422718521075,0.5926094040701119,0
-1.6628241249936049,0.19663959517769006,0
1.5630181131147498,0.5442281203458489,0
1.5224013595353034,0.6990760342504182,0
0.18807836899143407,-0.6274425603864616,0
-1.379395201903689,-1.08659322058201,0
0.06726673750600365,-0.6748135821135324,0
-1.6938464584309958,0.1330520610082575,0
0.5919506923172432,0.4825676888421557,0
0.1010386095702773,1.9531376584331548,0
1.0908218565397394,-1.099572312633419,0
-1.1424014691525108,0.9089205374118574,0
-1.3657888666404652,-1.0526428700457973,0
-0.27023860540602573,-0.710950085242065,0
0.17031190354647935,1.9551563131497192,0
0.3638686058213348,-1.5225838047193052,0
0.6554726436004704,0.16663146263718645,0
-1.2229218740304402,-1.2229577251489887,0
-0.15184458148826877,-0.7224306747673289,0
1.4299826254193477,0.9161836033541367,0
0.6696328759976462,0.19116322944584696,0
-1.7396927824622852,-0.07616211507609388,0
1.0035814469940985,1.4678444599869636,0
0.6329431427530746,-0.10638216810926233,1
-0.9752323272589704,-1.3632072960875128,0
0.33039652898732885,-0.5247665599947222,1
0.0909548597086469,-1.5677374688045511,0
-0.14081310560500887,-0.7158536572967369,0
-1.6974485622236897,-0.5022206006173248,0
-1.7243959897097747,-0.3132130911573388,0
-1.728049207976699,0.030503874386453213,0
-1.7401731535880254,-0.15948421650836203,0
0.5609795682773596,-0.29797363517649716,1
-0.7343095137468709,1.0998460105094365,0
-1.0500301543838466,0.9873488170618123,0
-1.7410021354054068,-0.15384688610226085,0
0.5814711177923596,0.48247112934097863,0
0.15527527147953218,-0.6267388279743279,0
0.5394956316119605,-0.30578834932448423,1
-1.2526097982368196,0.8669422794198065,0
-0.017254208170589955,1.9711838527141992,0
0.04458932107523249,1.9489575443801748,0
-1.0285403446840382,-1.3430764715268726,0
-1.61461811013865,0.32462120337399003,0
-1.4745599088928456,-0.9273323560146565,0
1.2218798427702324,1.2444297825822566,0
0.9602799390200286,1.477302940755764,0
-1.7346166825647324,-0.26584861469526605,0
0.5445506877597343,-0.33835723227657205,0
1.5590987278280424,-0.3758324091124539,0
-0.7488942422803718,-1.4671168988179593,0
-1.5773996787354518,0.4432202990992318,0
0.15856943640593957,0.9689312069685532,0
0.4962189791189681,0.6697532948965604,0
0.5453876295282551,0.5431185731817921,0
0.2512030615170757,1.8932777610999094,0
0.6286325889829114,0.4032872410678863,0
1.5019249498031846,-0.437418943086876,0
-1.352329449466994,0.7366074202390922,0
-1.7159575222099432,-0.22860997226479668,0
-0.30943216027553183,2.020302628745022,0
1.0304557528374554,1.4609444040968687,0
1.183161942848337,1.3205075026803637,0
0.950556417269513,1.5138607862359414,0
-0.9228626414700818,-1.3907805086583984,0
0.6708813089726547,0.034764629356485124,0
-0.22946311058314536,-0.707998142434983,0
0.6393584419484419,0.3334355453902818,0
0.18560624511248822,-1.5752712707837422,0
-1.559989503695622,-0.8567337626068208,0
-0.48623781365525254,1.1224038216741163,0
-1.3759623203610387,-1.0698936157109582,0
-1.6683362557635606,0.2457960189543327,0
0.38959343143594755,0.7715359378014292,0
0.6538430528472331,1.750489492295734,0
0.07311602009134033,-0.6822747546097921,0
-1.5604164626535477,-0.7846033963768259,0
1.2565140158280703,1.1319652141793577,0
0.12934315411048528,-0.654131440932544,0
-0.19099065576262883,1.0590263312852757,0
0.5632660986186611,-1.4607799514423356,0
0.2460418466954614,0.9303599358509955,0
1.0897415510219373,-1.0901914730801907,0
0.48729172298811585,-0.3342237059122388,1
0.4384784796723676,0.7185452598835566,0
0.020870759360319277,-1.5858830495566425,0
0.16247493286303488,-0.6206640706096416,0
-1.756791694325882,-0.08481142330540853,0
-1.715815642659304,0.0026491804852685047,0
-1.7278628170100905,-0.24226737079340122,0
0.6255178246039587,0.31109484606604554,0
0.6773860257159705,0.155432882839618,0
-1.7407085771128017,-0.2571212924748947,0
1.0861125911806448,1.3896507668908324,0
-0.31871438946771236,1.1083028272116595,0
0.6498363062427188,0.34016381800474493,0
-0.9908327056800799,0.9810998528199216,0
1.3600008925522336,1.0071440684856332,0
0.5050678659486072,0.7015843107874118,0
0.13200261946243214,-0.6330479731043188,0
0.4215864437404649,-0.48564645347012303,0
0.6350974801570702,-0.16280897849149117,0
0.7513187104120682,-1.355908140959863,0
0.5892881840912549,-0.25533209610041796,0
-1.5157938175264314,0.5627144203962801,0
-1.6403186828430973,-0.5382866830827802,0
0.4838434829037812,-0.37040392187340987,1
0.5340955043043799,-0.3080596976948016,1
0.6632392185613758,0.009146084478493672,0
-1.5799026960948397,0.5018220723387179,0
-0.24432395182748376,1.1106595363926042,0
0.3281189738165797,0.8680041541820496,0
-0.4012025576194658,1.131776610493676,0
0.39356458793729376,0.7758926751218405,0
-0.748185565571353,-1.5185110467345602,0
1.3250222230050075,-0.8475743950268892,0
-1.6200043028625766,-0.7208564396832461,0
-1.29705191386289,-1.1142473041883247,0
1.5918913605988552,0.3635736195303547,0
-0.6787628198977556,1.1188541133160983,0
-0.898032303608255,1.0526913874602193,0
-1.0434217031819748,0.9899106554134193,0
-0.9606765065508389,-1.3832838826190974,0
0.5563485740157633,-0.31552569899526206,0
1.2087573433316479,-0.9823558270420277,0
-1.733370941838147,-0.024828121446225124,0
1.4503746407675713,-0.5708643363904012,0
-0.4725810285219506,1.1178500504192255,0
1.490190890655044,-0.4506171507982683,0
-0.07737094238530497,1.0701737605923303,0
0.632276461473945,-0.14600525769817416,0
-1.602381588113087,-0.6996967275429431,0
0.6312752420157168,0.3899468177349601,0
0.3204088227436074,1.8994774326545791,0
0.9345762528104761,1.5432267989632946,0
0.27689125169272677,-1.5319429891873544,0
-1.705040020398709,-0.42777524699406494,0
1.5378742967490815,-0.38985601277989534,0
-0.27948608051983076,-1.5731037308392688,0
-1.0728590662911661,0.965572825759378,0
1.290200940777901,1.1313650216702837,0
0.05080754544343063,-1.5620436684096417,0
-1.3149689689907507,-1.1083019502036877,0
0.16926418049257771,-0.6342992773438474,0
1.5727301771757456,0.590837638872632,0
-1.541520626900766,0.5056590492226413,0
-1.5580933221781623,0.4916994279014425,0
-0.9528327987619956,1.0177504125377625,0
0.5162001216774649,-0.36207736824049574,1
1.4480421891900002,-0.6192524269197052,0
0.21002210498987325,-1.572909033109689,0
0.4210855893571975,0.7983643454502256,0
1.3938240991605475,-0.6881910626650607,0
0.33081647710388273,-0.5770225162695574,0
-1.2497062140658262,0.8274796832933874,0
0.22224312753247735,0.9499241816672264,0
-0.10426095725038541,-1.5848769051817655,0
-1.3646315629538572,0.7333369206776206,0
0.710294205372716,-1.3837922667184086,0
1.5843922179078933,-0.24079292084815082,0
-1.2694788264684043,0.8397157928281159,0
1.5859992342664029,0.4485893950803454,0
-1.6295374936169003,0.30759062235464557,0
-1.709939969543662,-0.34322350001301327,0
-1.669612488080055,0.22988108965095752,0
1.0009556229485628,-1.180515825240927,0
-0.5565925868127887,1.1047145658779582,0
-1.716950938122543,-0.3340886925949697,0
-0.01710036887252585,1.9977325220361,0
-1.511622796057896,-0.8662239085603325,0
-1.1280072448026395,-1.2901389545333186,0
0.34026927952158353,-0.5230457869650142,0
-1.3277758072666752,0.7862743861801249,0
-1.4738341581466172,0.6371765818389249,0
-1.1901476670306164,-1.2424940245719949,0
-1.2928551356295943,-1.1567128192872178,0
0.06337980723640746,1.9698662788024746,0
0.577051331746556,0.5478178521725372,0
0.529217539109303,0.61307754298222,0
-0.04379457634098053,-0.6833894589711811,0
-0.27195925726859665,-0.711167748327065,0
1.538143169668787,0.5615513810549156,0
-1.3106565975163873,0.7870195967531393,0
0.6686327352227059,-1.3624344351076625,0
-0.07071680241996017,-0.6940294610963195,0
-1.733895764515159,-0.22763701405119344,0
-0.34037461228283916,-1.6006139238977188,0
0.646528403343222,-0.060018416397102266,0
-1.5350612510248296,0.5272496198458099,0
0.14056052997804636,0.9730311340531849,0
-0.09371293906478527,1.0734403201058593,0
0.632428369932747,-0.1176815250351398,1
-1.6662680714420857,-0.5606819620979718,0
0.27461893616584004,-0.5859183871294099,0
-0.057965501850766044,1.967688249946221,0
-1.0611690610414488,0.9761481990807181,0
-0.3816581763361974,1.1161147388615305,0
0.28417537557163486,-0.5628570818319417,0
-0.7244313596433978,1.1078170906936575,0
1.4491221529705045,-0.5898766833642778,0
-0.013807087610945927,1.061074295609514,0
-0.1843564437551295,1.074338982109992,0
0.5635861503956593,-0.24218734484667617,1
1.0395964871517693,1.4405006171567045,0
1.2870113788194266,1.1364428311200174,0
0.43675934234013897,1.8407392130529845,0
-1.018133207059577,0.9973253545923202,0
0.8448441238838389,1.6137508313223388,0
1.453732517294646,-0.5674959986075467,0
0.024953809595737522,2.000281805529511,0
-1.0053461871239975,-1.3958745483533928,0
1.5519618238313067,-0.20689510178352394,0
0.54661533147278,1.7625372831234,0
0.5780215158664512,-0.24426822909049828,1
-1.6805697409687121,-0.47577162098632486,0
0.6546951369984993,-1.4109114142817563,0
1.4319060325746573,-0.6205720501618053,0
-0.6655605626808373,-1.5024608203952734,0
0.6410904615523189,-0.13614259292967554,0
0.347482663483118,1.9002484436827531,0
1.3632423230151631,1.0648477859486456,0
1.4813923552970794,0.7608717328239567,0
0.29367481664226164,0.8941182053325544,0
-0.044589710185994405,-0.6854388429873685,0
-1.2763292723430943,-1.1640743492672183,0
-1.1250821244136362,-1.291786613647556,0
-0.06998318253490438,-0.6881222491422431,0
0.5109537374970753,-1.4672465981581109,0
1.4133743505835505,-0.6378669800936354,0
-1.6927606861567759,0.12408550001624513,0
-0.90692895195136,-1.415977998856985,0
-1.5443103529719335,-0.8612662280607164,0
0.4149315504177463,-0.49829583099036356,0
-0.139499331423055,-1.597567744834776,0
-0.9028750372381057,1.0587594813853034,0
0.2146454897151678,0.9821490108616666,0
-0.9848607707839394,-1.3900546745605624,0
-1.710958975246591,-0.27097834288643,0
-1.7016830601323971,0.11673398792295957,0
-1.1471243912293636,0.9251697800389528,0
0.47484938534837284,-1.483416465263417,0
-1.3589771418922691,0.7464028891831329,0
-1.1519878863679824,0.9179447956948217,0
-1.7048802341978389,-0.4820133859584706,0
0.6364900637385995,1.733608339673851,0
-0.9945220990232975,-1.3632219643171684,0
1.2483706202748739,1.207461475753631,0
-0.26191251291064593,-0.7029655060714932,0
0.6793444560682046,0.21182327372190296,0
1.1362534247181257,1.3323495779736154,0
0.5015290010250611,-0.36518026981424756,1
-1.2502480091039472,0.820407172749789,0
1.106236953146684,-1.073310868296465,0
0.5737870801392754,-0.21695682745573833,1
0.014725292962467752,1.04350442929047,0
0.520637123840186,0.6434464025298455,0
-0.22719356872559698,2.0166473442197463,0
0.27387191758513424,0.8913047891826928,0
0.0031242124506877253,1.0357689996071675,0
-1.5764613961685936,0.47084755557990937,0
1.5283345612810106,0.6310737717908849,0
0.6533244915656453,-0.007402636943185381,0
0.33105605114102243,-1.5502869509270107,0
1.5424529633034942,-0.32161301051695906,0
0.053239816297554754,1.963817631969256,0
0.44470001742649967,1.8381456439558448,0
0.23292946084658508,-1.535833258094587,0
1.0199170534384832,1.4712299984278867,0
-1.3227788677320924,-1.1038764311396956,0
-0.11724417153692543,-0.6965330187800377,0
-1.1361361290961198,0.9189928569516131,0
1.5369409313875064,0.6000225404403416,0
-1.1794970156724809,0.9086216218580205,0
-1.59247561185409,-0.7585400665561847,0
1.6211183918561443,0.09642759985744845,0
0.6209304095458179,-0.1695953034142867,0
0.37754068565571486,-0.4880976938090019,1
0.46257286298394773,-1.478618223151735,0
-0.6684558482688926,-1.511956969674581,0
0.2736201181744661,-1.5659936366015286,0
1.5624412109431127,-0.19535960033881122,0
0.14864177925613228,-1.5587101011058446,0
0.7537956397742841,-1.3707839456646043,0
-1.745078504507401,-0.11997904782573657,0
-1.0006638054164232,-1.3617515086153689,0
0.5745156352417278,0.5152337089004769,0
-0.3659718744108683,1.1098942142291477,0
0.36354011129088165,-1.5348891208624633,0
-0.39563564482566266,1.102530681748965,0
-0.9170555606702359,-1.4263052942679932,0
-1.4154289158938733,-0.9991774451416903,0
0.5961953425104318,-0.23246494888215433,1
0.7697302878792025,1.662910865608711,0
0.5871996645832863,0.5279814802403057,0
-0.21997950454034254,1.1239474298274164,0
-0.16364490659084482,-1.579942503912353,0
-0.05172215381166514,-0.6976890426520165,0
0.6539087280092131,0.28465724344789806,0
1.1154191796030044,-1.0763961742408013,0
0.3570222737074365,0.7693257788060249,0
-1.253097127027477,-1.168572671097374,0
0.5920514835523059,0.4994586783858435,0
0.6441128423431439,0.12241261818376598,0
0.24223720624130576,-0.6083723072113645,0
-1.6209012896378345,-0.6925231569417862,0
-0.4600556924990694,-1.564964163652571,0
-1.7127451300695735,0.044496474350875226,0
0.026532753182526396,-0.7087977702630676,0
0.5407324421997086,0.6330888248459301,0
0.9985343966124567,-1.1806195315527126,0
-1.3001464110239644,0.8060439016725602,0
0.7864498343011712,-1.313744545136463,0
0.633516928044147,-0.07753645209326596,1
0.24296290451415056,1.9342904093339426,0
0.27521596628402717,-0.5450692701355261,1
-0.2366480790914693,-0.7023153161471105,0
-0.11385834310858238,1.9930355904243988,0
1.3158803323322996,-0.8079566241522825,0
-1.0903415986260885,-1.3481391714451743,0
0.6422333808488996,-1.4239899966110603,0
0.30297898464457707,-0.5440430214402503,0
0.917830433907271,-1.223081938029507,0
0.5413796902893885,-0.3001204779306833,1
0.2578053535877616,-0.6118935939681568,0
0.631929207698392,1.7589470561406182,0
-0.009822306751045604,1.0515039246573077,0
1.3150647871483376,-0.7723611197458403,0
0.505171893146183,0.6725156490715093,0
-0.09017326200800473,-1.5696530716434407,0
0.29378137180014136,-1.5437307541089744,0
-1.724719517366721,0.07708769257269983,0
1.1448126402627128,-1.0493792930079593,0
-1.594573399136246,-0.7211623238649022,0
-1.2026884847747081,0.8869150144325428,0
0.900481865188758,1.5577720289707373,0
-1.3008438417017492,0.8353365426070349,0
-1.7523642535761532,-0.15709224317608902,0
0.9296635481120662,-1.2359099468003631,0
-1.713246326463129,0.101390596379792,0
-1.491757518068638,-0.9299110959395146,0
-0.5688136370234417,-1.5410957501954035,0
1.6344293428181997,0.13032906741890649,0
0.34155449800989474,0.8181115016886282,0
-0.7627199217215482,-1.5006104725837301,0
-1.7024413170329162,0.07983368077431655,0
-0.36312399018177305,1.1210358594338474,0
-1.1917068738242038,0.8978815063471689,0
0.6447411819742846,0.21929723773331739,0
1.594079319486183,-0.07408200648801012,0
-0.8782405350902361,-1.4361880392211765,0
-1.3924379416778079,0.6606335352297191,0
-0.9251984072229344,-1.421103274890841,0
-1.6784427071125907,-0.5525258707862889,0
